{
  "status": "success",
  "status_code": 200,
  "message": "Login successful",
  "timestamp": "2025-12-20T15:23:40.493Z",
  "request_id": "550e8400-e29b-41d4-a716-446655440000",
  "data": {
    "user": {
      "id": "2b2f12e3-9da7-4da3-8e81-8231b8ce7c57",
      "phone": "+919953871086",
      "pendingPhone": null,
      "fullName": "John Doe",
      "photo": null,
      "dob": "1990-01-15T00:00:00.000Z",
      "gender": "male",
      "profileVideos": null,
      "profilePhotos": null,
      "pricingType": "fixed",
      "standardPrice": 1000,
      "priceMin": 500,
      "priceMax": 2000,
      "travelRadius": 50,
      "isEventManager": true,
      "instaId": "@johndoe",
      "twitterId": "@johndoe",
      "youtubeId": "@johndoechannel",
      "latitude": null,
      "longitude": null,
      "profileDescription": null,
      "bio": null,
      "facebookId": null,
      "refreshToken": "eyJhbGciOiJIUzI1NiIsInR5cCI6IkpXVCJ9.eyJ1c2VySWQiOiIyYjJmMTJlMy05ZGE3LTRkYTMtOGU4MS04MjMxYjhjZTdjNTciLCJpYXQiOjE3NjYyNDQxNzYsImV4cCI6MTc2Njg0ODk3Nn0.mOg1SRIcApVNmxvfHsi-SRfOGa4v4kB2sc4p7r0j6VM",
      "createdAt": "2025-12-07T15:24:00.185Z",
      "updatedAt": "2025-12-20T15:22:56.968Z"
    },
    "access_token": "eyJhbGciOiJIUzI1NiIsInR5cCI6IkpXVCJ9.eyJ1c2VySWQiOiIyYjJmMTJlMy05ZGE3LTRkYTMtOGU4MS04MjMxYjhjZTdjNTciLCJpYXQiOjE3NjYyNDQyMjAsImV4cCI6MTc2Njg0OTAyMH0.7IW5E0BJiFNo-qltC3cxsv3qTGvLjcot5Xd0JC9DhwM",
    "refresh_token": "eyJhbGciOiJIUzI1NiIsInR5cCI6IkpXVCJ9.eyJ1c2VySWQiOiIyYjJmMTJlMy05ZGE3LTRkYTMtOGU4MS04MjMxYjhjZTdjNTciLCJpYXQiOjE3NjYyNDQyMjAsImV4cCI6MTc2Njg0OTAyMH0.XoAK1gIh0P4kv1vD4BMVFoWW2NyGWifZLc-oyluUZtk",
    "expires_in": 900,
    "token_type": "Bearer"
  },
  "error": null
}
